trial,epoch,loss,mae,val_loss,val_mae,test_loss,test_mae
0,0,61.680664,6.201214,22.552658,4.637204,22.574074,4.649557
0,1,10.30409,2.633743,1.133954,0.835851,1.084079,0.811665
0,2,3.626255,1.580576,1.392164,0.895828,1.358844,0.874773
0,3,1.978748,1.138442,12.165232,3.340037,12.283076,3.367568
0,4,1.855564,1.094011,3.597117,1.618479,3.616404,1.634449
0,5,1.515856,0.992507,1.550912,0.945138,1.518896,0.919487
0,6,1.338184,0.9333,2.882071,1.401987,2.882577,1.40325
0,7,1.312688,0.921495,2.11113,1.141724,2.092894,1.125965
0,8,1.241871,0.927506,1.203008,0.843523,1.149279,0.815602
0,9,1.199165,0.900724,1.489467,0.925581,1.448976,0.898833
1,0,6.403147,2.024537,1.785047,1.129386,1.628057,1.090251
1,1,4.388711,1.671325,2.975317,1.481613,2.773773,1.459503
1,2,3.698119,1.541944,2.768674,1.422341,2.577561,1.397017
1,3,3.645265,1.52751,2.433258,1.322389,2.259001,1.298735
1,4,2.968641,1.380145,2.207875,1.254808,2.048473,1.23116
1,5,2.446175,1.245985,1.816788,1.136645,1.672952,1.098629
1,6,2.072691,1.169714,1.745562,1.115588,1.605107,1.074008
1,7,1.926505,1.119736,1.576619,1.059306,1.449517,1.015534
1,8,1.871013,1.077078,1.337387,0.977,1.222449,0.930011
1,9,1.734591,1.035605,1.402658,0.999717,1.287822,0.957033
1,10,1.542998,0.988085,1.239117,0.940623,1.138102,0.896209
1,11,1.444085,0.947141,1.347244,0.981863,1.243203,0.943023
1,12,1.346521,0.912759,1.265478,0.954363,1.169048,0.911643
1,13,1.201228,0.874519,1.156378,0.912457,1.068799,0.869213
1,14,1.23599,0.885385,1.213696,0.937382,1.126068,0.896347
2,0,24.222723,3.783126,14.625284,3.693478,14.630187,3.702031
2,1,6.142138,1.949275,25.293741,4.926507,25.203369,4.922956
2,2,4.003634,1.612112,55.537533,7.385841,55.579273,7.392967
2,3,2.517352,1.270252,25.828972,4.984117,25.819603,4.989477
2,4,1.867033,1.111282,47.128643,6.794057,47.126869,6.798372
2,5,1.625002,1.018137,37.069466,6.008895,37.050144,6.010217
2,6,1.541175,0.996363,1.15284,0.829716,1.115747,0.805212
2,7,1.438571,0.976218,2.059778,1.148683,2.032315,1.123758
2,8,1.226685,0.884846,1.959624,1.193125,1.939636,1.209978
2,9,1.229376,0.895981,48.417065,6.890107,48.417503,6.892438
2,10,0.987567,0.811154,16.90366,3.998019,16.913225,4.002968
2,11,1.014873,0.8076,10.714932,3.133349,10.71426,3.137371
2,12,1.011845,0.816822,1.487117,1.021505,1.461971,1.037697
2,13,0.933496,0.791313,34.967449,5.835813,35.176281,5.857332
2,14,0.874701,0.751211,109.38884,10.415614,109.628555,10.429748
3,0,7.543237,2.20549,2.178485,1.160747,2.131034,1.13607
3,1,4.883327,1.778349,1.964977,1.094117,1.913193,1.058064
3,2,3.830411,1.572007,1.163904,0.8628,1.112732,0.837878
3,3,2.839733,1.356436,1.341015,0.896806,1.287546,0.865591
3,4,2.366795,1.242633,1.826133,1.045972,1.771293,1.002179
3,5,2.09075,1.133719,1.726107,1.009154,1.668482,0.967524
3,6,1.958872,1.107695,1.886956,1.060742,1.831261,1.024923
3,7,1.606504,1.013843,2.229072,1.17724,2.171649,1.149536
3,8,1.426123,0.955485,2.046399,1.11231,1.993624,1.087446
3,9,1.221602,0.875625,1.738141,1.003026,1.680401,0.980928
3,10,1.237863,0.893029,1.711514,0.995237,1.650326,0.974992
4,0,15.116015,3.132853,5.18781,2.0433,5.173089,2.055052
4,1,11.225234,2.667252,2.649359,1.403615,2.622787,1.407202
4,2,8.760676,2.341656,1.626833,1.079885,1.596496,1.066826
4,3,7.269453,2.176343,2.511313,1.364413,2.468962,1.361093
4,4,6.997778,2.082719,1.998305,1.208222,1.951424,1.194179
4,5,5.728456,1.876668,1.752867,1.125121,1.70388,1.108743
4,6,5.566436,1.868982,1.736985,1.118876,1.688442,1.104708
4,7,5.333345,1.784191,1.707099,1.108294,1.663334,1.096336
4,8,4.609743,1.699526,1.453198,1.015803,1.415567,1.001941
4,9,4.094134,1.620189,1.767798,1.12855,1.723399,1.118214
4,10,4.106563,1.581942,1.694272,1.103371,1.652574,1.09274
4,11,3.741223,1.524041,1.532407,1.045387,1.498539,1.034933
4,12,3.331522,1.448039,1.8264,1.150926,1.790174,1.141289
4,13,3.166833,1.428029,1.629165,1.080077,1.604536,1.072315
4,14,2.782095,1.325746,1.641739,1.08324,1.619742,1.075135
5,0,36.912075,4.942889,6.600527,2.358853,6.589887,2.376066
5,1,20.914167,3.606533,5.830892,2.193255,5.810718,2.208733
5,2,14.05204,3.004045,5.453835,2.110935,5.389662,2.117008
5,3,11.909472,2.77924,5.869554,2.203589,5.783915,2.205959
5,4,10.814868,2.613208,5.898058,2.208278,5.800891,2.210044
5,5,11.043819,2.675841,5.722639,2.16716,5.627939,2.17016
5,6,10.180412,2.56181,5.311758,2.068095,5.211653,2.070612
5,7,9.024303,2.384559,4.948643,1.97652,4.850934,1.979789
5,8,9.494027,2.458219,4.679252,1.905034,4.579191,1.907281
5,9,7.869525,2.215213,4.851422,1.94866,4.774461,1.956616
5,10,8.42406,2.319808,4.564376,1.875181,4.507614,1.885416
5,11,7.521694,2.201185,4.016251,1.728082,3.998466,1.743988
5,12,6.868916,2.07573,3.912773,1.699021,3.907125,1.715892
5,13,7.126132,2.14079,4.276227,1.796527,4.305284,1.822298
5,14,7.083184,2.129724,4.026495,1.724726,4.071973,1.753931
6,0,42.610897,5.236156,1.056439,0.856706,1.024034,0.836992
6,1,23.121141,3.798196,2.903119,1.480546,2.833613,1.47864
6,2,20.343287,3.556598,1.009808,0.82652,0.985514,0.808177
6,3,13.871742,3.000454,1.084368,0.811119,1.078904,0.803252
6,4,13.162118,2.922407,1.023025,0.802213,1.020842,0.799304
6,5,10.858882,2.633681,1.015393,0.807005,1.012069,0.804444
6,6,9.504423,2.470677,1.039317,0.810199,1.029326,0.804009
6,7,9.588725,2.456511,1.100007,0.821837,1.078686,0.808951
6,8,8.257318,2.280218,1.168283,0.841904,1.12951,0.816926
6,9,8.167536,2.26131,1.112089,0.82983,1.05574,0.79879
6,10,6.459848,2.057062,1.097681,0.828931,1.028458,0.794804
7,0,5.789522,1.924738,1.408703,0.896326,1.35524,0.881518
7,1,3.420578,1.481735,1.613735,0.964264,1.591642,0.950557
7,2,1.780786,1.074207,1.954403,1.080715,1.928325,1.067698
7,3,1.400771,0.932854,1.95838,1.084073,1.911282,1.064279
7,4,1.158364,0.862098,1.900592,1.067357,1.854462,1.046102
7,5,0.896223,0.757154,1.606485,0.961429,1.554839,0.943171
7,6,0.79874,0.712676,1.498688,0.925702,1.441909,0.907765
7,7,0.748496,0.689993,1.344074,0.877341,1.285787,0.859382
7,8,0.718223,0.685441,1.097417,0.814507,1.036802,0.791626
7,9,0.603732,0.629157,1.020469,0.80561,0.966228,0.776055
7,10,0.567823,0.60457,0.981571,0.811279,0.928397,0.779009
7,11,0.505658,0.558037,0.978224,0.811964,0.926112,0.779351
7,12,0.497508,0.558934,0.97845,0.823707,0.936221,0.793198
7,13,0.464256,0.538892,0.958982,0.813706,0.928783,0.787081
7,14,0.423782,0.515279,1.009967,0.847338,0.98419,0.83026
8,0,7.229385,2.112556,12.945147,3.450688,13.010118,3.470399
8,1,2.040396,1.149487,5.457273,2.10743,5.42706,2.116992
8,2,1.269008,0.90172,14.008619,3.603987,14.013212,3.616231
8,3,1.072718,0.833993,4.96757,1.989583,4.934886,1.99926
8,4,1.01742,0.831761,7.61881,2.569745,7.588539,2.579742
8,5,1.022907,0.82866,6.813958,2.408189,6.76454,2.415809
8,6,0.96234,0.79991,6.265697,2.291551,6.202681,2.297432
8,7,0.871456,0.761825,6.223108,2.282939,6.155911,2.288293
8,8,0.868973,0.760709,5.066071,2.016642,4.998792,2.021993
8,9,0.861607,0.75273,4.011249,1.742129,3.950922,1.744738
8,10,0.774457,0.707425,2.682542,1.340721,2.609766,1.319814
8,11,0.843259,0.756775,2.248475,1.193651,2.169194,1.161597
8,12,0.756356,0.71332,1.050512,0.816537,0.955227,0.776004
8,13,0.742164,0.696254,1.725238,1.007365,1.642349,0.970922
8,14,0.744619,0.700518,1.280521,0.862742,1.195143,0.825189
9,0,5.491809,1.823302,5.737869,2.176782,5.575017,2.160796
9,1,4.613774,1.662101,4.865559,1.978133,4.713693,1.966562
9,2,4.867545,1.756026,4.370382,1.857537,4.225526,1.851027
9,3,4.151418,1.595426,4.451494,1.876284,4.304626,1.870085
9,4,4.439386,1.655174,4.463007,1.878634,4.319544,1.87283
9,5,3.597156,1.526878,4.380859,1.858567,4.245352,1.853771
9,6,3.73553,1.510459,4.146873,1.800461,4.02944,1.799491
9,7,3.416252,1.486663,3.989015,1.760383,3.88984,1.762049
9,8,3.160561,1.406693,3.866777,1.728635,3.782657,1.731785
9,9,2.986906,1.348934,3.654369,1.671959,3.580298,1.675599
9,10,3.065077,1.385361,3.53734,1.638732,3.473392,1.643534
9,11,2.662631,1.297609,3.31318,1.57697,3.25415,1.581851
9,12,2.795967,1.324142,3.115985,1.522522,3.058645,1.526792
9,13,2.598228,1.252872,3.116081,1.520874,3.062186,1.526096
9,14,2.332968,1.196105,3.200959,1.542588,3.146449,1.547677
